<?xml version="1.0" encoding="utf-8"?>
<manifest xmlns="http://www.we7.cc" versionCode="0.5,0.51">
	<application setting="true">
		<name><![CDATA[数据统计]]></name>
		<identifie><![CDATA[stat]]></identifie>
		<version><![CDATA[1.3]]></version>
		<type><![CDATA[other]]></type>
		<ability><![CDATA[提供消息记录及分析统计功能]]></ability>
		<description><![CDATA[能够提供按公众号码查询, 分析统计消息记录, 以及规则关键字命中情况统计]]></description>
		<author><![CDATA[WeEngine Team]]></author>
		<url><![CDATA[http://www.we7.cc]]></url>
	</application>
	<platform>
		<subscribes>
			<message type="text" />
			<message type="image" />
			<message type="location" />
			<message type="link" />
			<message type="subscribe" />
			<message type="unsubscribe" />
			<message type="click" />
		</subscribes>
		<handles>
		</handles>
		<rule embed="false" />
	</platform>
	<bindings>
		<menu>
			<entry title="聊天记录" do="history" />
			<entry title="规则使用率" do="rule" />
			<entry title="关键字命中率" do="keyword" />
		</menu>
	</bindings>
	<install><![CDATA[]]></install>
	<uninstall><![CDATA[]]></uninstall>
	<upgrade><![CDATA[]]></upgrade>
</manifest>